Thème,Compétences,Ressources,Deadline
Phase 1 : Fondamentaux en Développement Web et Mobile Sécurisé,"- HTML/CSS/JavaScript
- React.js
- Tests unitaires (Jest, RTL)
- Node.js/Express
- APIs REST sécurisées
- Tests fonctionnels (Mocha)
- Flutter/React Native
- Authentification sécurisée","- Documentation React.js
- MDN Web Docs
- Jest et React Testing Library
- Node.js/Express docs
- Postman
- Flutter docs
- React Native docs",Mois 1-2 (Semaine 1-12)
Phase 2 : Sécurisation des APIs et Tests de Sécurité,"- Sécurisation des APIs
- OWASP Top 10
- SonarQube
- Tests de sécurité (ZAP, Burp Suite)
- Tests fonctionnels des APIs","- OWASP Documentation
- SonarQube docs
- OWASP ZAP et Burp Suite guides
- Mocha docs",Mois 3-4 (Semaine 1-8)
Phase 3 : Approfondissement des Compétences en Développement Mobile,"- Sécurisation des applications mobiles
- Tests de performance (Flutter Driver, Jest)
- API de backend mobile sécurisée","- Documentation Flutter & React Native
- Flutter Driver docs
- Firebase (pour backend)",Mois 5-6 (Semaine 1-8)
Phase 4 : Infrastructure et Sécurité DevOps,"- Docker et Kubernetes
- Infrastructure as Code (Terraform)
- Monitoring (Prometheus, Grafana)
- Stack ELK (Elasticsearch, Logstash, Kibana)","- Docker & Kubernetes docs
- Terraform documentation
- Prometheus and Grafana guides
- ELK stack documentation",Mois 7-8 (Semaine 1-8)
Phase 5 : Intégration de la Sécurité dans le Cycle de Développement,"- Automatisation des tests de sécurité
- Scans de sécurité réguliers
- Formation sur les meilleures pratiques de sécurité","- Jenkins/GitLab CI docs
- Snyk docs
- OWASP training materials
- Security training resources",Mois 9-10 (Semaine 1-8)
Phase 6 : Déploiement Cloud Sécurisé et Conformité,"- Déploiement dans le cloud (AWS/Azure/GCP)
- Sécurité cloud (IAM)
- Audit de conformité (RGPD)","- AWS/Azure/GCP documentation
- IAM security best practices
- RGPD compliance guides",Mois 11-12 (Semaine 1-8)
Phase 7 : Blue Team et OSINT,"- Pratiques de la Blue Team
- Collecte et analyse d'OSINT
- Surveillance et détection des intrusions
- Réponse aux incidents et gestion des alertes","- The Web Application Hacker's Handbook
- OSINT Framework et guides
- Formation sur la réponse aux incidents
- Outils de SIEM (ex. : Splunk, ELK)",Mois 13-14 (Semaine 1-8)
